,title, article_url,score,pinned,upvote_ratio,total_awards,created_utc
0,"As the FBI comes under threat, its leader tries to stay out of fray",https://www.washingtonpost.com/national-security/2022/08/20/fbi-comes-under-threat-its-leader-tries-stay-out-view/,212,False,0.89,0,1661056583.0
1,Daughter of Russian who was inspirational force behind Putin s invasion of Ukraine killed in car explosion - Russian state media,https://www.cnn.com/2022/08/20/europe/darya-dugina-killed-car-explosion-alexander-dugin-russia-intl-hnk/index.html,3891,False,0.97,5,1661051383.0
2,"Caught in act, suspect in catalytic theft freed by San Francisco cops",https://www.ktvu.com/news/caught-in-act-suspect-in-catalytic-theft-try-freed-by-san-francisco-cops,2088,False,0.95,0,1661044718.0
3,Climate change forces indigenous islanders in Panama to relocate,https://www.bbc.com/news/av/world-latin-america-62497711/,1002,False,0.93,0,1661037916.0
4,"Albania arrests two Russians, one Ukrainian trying to enter military plant",https://www.reuters.com/world/europe/albania-arrests-two-russians-one-ukrainian-trying-enter-military-plant-2022-08-20/,797,False,0.96,1,1661030552.0
5,Russia accuses Ukraine of ‘chemical terrorism’ using toxin | Russia-Ukraine war News,https://www.aljazeera.com/news/2022/8/20/russia-accuses-ukraine-of-chemical-terrorism-with-poison,250,False,0.82,0,1661029365.0
6,Gary Busey charged with sex offenses at Monster Mania Convention in N.J.,https://www.nbcnews.com/news/rcna44079,6444,False,0.96,1,1661028828.0
7,"China sentences tycoon Xiao Jianhua to 13 years, fines his company $8.1 billion",https://www.nbcnews.com/news/world/china-tycoon-xiao-jianhua-13-years-jail-fines-tomorrow-holdings-rcna44054,2303,False,0.96,0,1661021628.0
8,Public schools receive  In God We Trust  poster donations as new Texas law requires their display,https://www.cnn.com/2022/08/19/us/texas-schools-in-god-we-trust/index.html,21342,False,0.88,2,1661019048.0
9,UN: US buying big Ukraine grain shipment for hungry regions,https://apnews.com/article/russia-ukraine-droughts-united-states-nations-africa-7fc5a61b8728fd962128afb40acb0cbf,767,False,0.95,0,1661014287.0
10,"Black couple sues after they say home valuation rises nearly $300,000 when shown by White colleague",https://www.cnn.com/2022/08/19/us/black-couple-home-appraisal-lawsuit-reaj/index.html,32753,False,0.85,4,1661008802.0
11,An Elderly Woman Accidentally Drives into Second Floor of a Mall,https://www.nbcnews.com/news/us-news/woman-drove-60-yards-second-floor-mall-boston-area-rcna44038#scso=_IvUAY4eHOLyIkPIPsq6XyAo28:0,2510,False,0.96,1,1661007273.0
12,Ukraine launches fresh strike on Russia’s Black Sea fleet headquarters,https://www.theguardian.com/world/2022/aug/20/ukraine-launches-fresh-strike-on-russias-black-sea-fleet-headquarters,4487,False,0.97,1,1661006131.0
13,"Suspect In Violent, Unprovoked Attack In The Bronx Back In Custody After Being Released Without Bail",https://www.cbsnews.com/newyork/news/suspect-in-violent-unprovoked-attack-in-the-bronx-back-in-custody-after-being-released-without-bail/,2197,False,0.96,1,1661005443.0
14,Long Covid risk extends two years after infection,https://www.cnn.com/2022/08/18/health/long-covid-at-two-years-wellness/index.html,984,False,0.9,0,1661004162.0
15,"Man who intended to resell body parts on Facebook allegedly bought stolen human remains, police say",https://www.cbsnews.com/news/police-pennsylvania-man-tried-to-buy-stolen-human-remains/,22647,False,0.94,4,1661002793.0
16,"Dog killed by wolves in Metlakatla was defending its family, owner says - Alaska Public Media",https://alaskapublic.org/2022/08/19/dog-killed-by-wolves-in-metlakatla-was-defending-its-family-owner-says/,3946,False,0.95,2,1660988409.0
17,Unidentified attackers seize control of hotel in Somali capital,https://www.reuters.com/world/africa/unidentified-attackers-take-control-hotel-somali-capital-authorities-2022-08-19/,200,False,0.91,0,1660985937.0
18,At least 38 people killed as ‘tornado of fire’ rages in northern Algeria,https://www.theguardian.com/world/2022/aug/18/people-killed-injured-tornado-fire-rage-northern-algeria-el-tarf-province,614,False,0.94,0,1660983006.0
19,‘I live in fear’: Vanessa Bryant testifies at trial over Kobe’s crash images,https://www.theguardian.com/us-news/2022/aug/19/vanessa-bryant-testimony-trial-kobe-bryant-crash,100,False,0.66,0,1660974124.0
20,"Costco violates animal welfare laws to sell $4.99 chicken, suit says",https://www.washingtonpost.com/food/2022/06/23/costco-chicken-lawsuit/,13766,False,0.75,3,1660971041.0
21,Attackers seize control of hotel in Mogadishu,https://www.aljazeera.com/news/2022/8/19/unidentified-attackers-seize-control-of-hotel-in-mogadishu,253,False,0.92,0,1660954367.0
22,Woman travelling to Canada with 5 kilos of heroin arrested in Poland,https://www.ctvnews.ca/world/woman-travelling-to-canada-with-5-kilos-of-heroin-arrested-in-poland-1.6034224,974,False,0.96,0,1660954164.0
23,2 Ohio fraternity members sentenced in hazing death of Bowling Green State University student,https://www.cnn.com/2022/08/19/us/ohio-fraternity-sentencing-hazing-death/index.html,4088,False,0.97,1,1660949664.0
24,SpaceX Dragon cargo capsule departs space station for trip back to Earth,https://www.space.com/spacex-dragon-leave-space-station-august-2022,138,False,0.84,0,1660949149.0
25,Foot found in Yellowstone hot spring linked to July death | The Star,https://www.thestar.com/news/world/us/2022/08/19/yellowstone-says-foot-in-hot-spring-linked-to-july-31-death.html,707,False,0.96,0,1660945741.0
26,Mexico sees army role in 2014 case of missing 43 students,https://apnews.com/article/mexico-crime-caribbean-9f921cc893c4d70ea65377edc9fd80a1,482,False,0.96,0,1660942694.0
27,City of Ridgeland withholds funds from the Ridgeland Public Library once again,https://www.wlbt.com/2022/08/19/city-ridgeland-withholds-funds-ridgeland-public-library-once-again/,869,False,0.94,0,1660941208.0
28,96-year-old Brooklyn landlord can t evict tenant who hasn t paid rent in almost 3 years,https://www.cbsnews.com/newyork/news/brooklyn-landlord-cant-evict-tenant-who-hasnt-paid-rent-in-almost-3-years-emergency-rental-assistance-program/,23830,False,0.78,0,1660939708.0
29,California Gov. Newsom announces $4.7 billion  master plan  for kids  mental health,https://abc7.com/gavin-newsom-master-plan-mental-health-kids-fresno/12137527/,20562,False,0.93,8,1660936947.0
30,Bell Media  regrets  handling of Lisa LaFlamme ouster | CBC News,https://www.cbc.ca/news/entertainment/bell-media-lisa-laflamme-regret-workplace-review-1.6556090,123,False,0.84,0,1660935413.0
31,"Nord Stream 1 pipeline to shut for three days, increasing pressure on Europe",https://www.reuters.com/business/energy/gazprom-says-nord-stream-1-pipeline-shut-three-days-end-aug-2022-08-19/,160,False,0.89,0,1660931873.0
32,Judge: Prosecutors cannot enforce Michigan s abortion ban,https://apnews.com/article/abortion-health-michigan-gretchen-whitmer-state-courts-52cdc0f365267808fb0832987a662309,5462,False,0.97,0,1660930514.0
33,Walmart expands abortion coverage for its employees in the wake of Roe v Wade decision,https://www.cnbc.com/2022/08/19/walmart-expands-abortion-coverage-for-employees-after-roe-v-wade.html,4166,False,0.94,0,1660928327.0
34,Former FBI agent pleads guilty to charges connected to ex-state senator s corruption trial,https://katv.com/news/local/a-former-agent-of-fbi-pleads-guilty-to-charges-connected-to-jon-woods-trial-ex-arkansas-lawmaker-now-in-prison-says-he-and-other-inmates-wants-to-build-trumps-wall-ecclesia-college-springdale-robert-cessario,531,False,0.94,0,1660928053.0
35,New Texas law requires schools to display  In God We Trust  signs,https://www.chron.com/news/houston-texas/education/article/texas-law-in-god-we-trust-sign-17382629.php,41089,False,0.78,16,1660925952.0
36,"College student is slain in a national park by woman pretending to be stranded motorist, police say",https://www.nbcnews.com/news/us-news/florida-man-slain-alabama-woman-pretending-stranded-motorist-rcna43916,10768,False,0.97,0,1660925481.0
37,Judge blocks Florida s  Stop WOKE Act  pushed by Gov. DeSantis,https://www.nbcnews.com/news/us-news/judge-blocks-floridas-stop-woke-act-pushed-gov-desantis-rcna43908,10687,False,0.94,2,1660924693.0
38,Andrew Tate banned from Facebook and Instagram,https://www.bbc.com/news/technology-62602913,71236,False,0.84,61,1660924331.0
39,A monumental case looks to crack open the world of auto-warranty robocalls,https://www.cnn.com/2022/08/18/tech/auto-warranty-robocalls-case/index.html,1581,False,0.97,0,1660922874.0
40,Sarasota County School District rejects donated dictionaries amid book freeze,https://www.heraldtribune.com/story/news/education/2022/08/19/sarasota-county-schools-denies-donated-venice-rotary-clubs-dictionaries/10357859002/,507,False,0.93,0,1660921374.0
41,"Sudden crypto market drop sends bitcoin below $22,000",http://www.cnbc.com/2022/08/19/sudden-crypto-market-drop-sends-bitcoin-below-22000.html,11428,False,0.93,8,1660919109.0
42,Less than 60% of kids are vaccinated against polio in some NYC neighborhoods,https://abcnews.go.com/Health/60-kids-vaccinated-polio-nyc-neighborhoods/story?id=88550152&cid=social_twitter_abcn,2447,False,0.96,0,1660918632.0
43,Man dies after being left unattended at Yale-New Haven Hospital for 7 hours,https://www.ctpost.com/news/article/Lawsuit-Man-dies-after-being-left-unattended-at-17379835.php,3906,False,0.97,0,1660918177.0
44,Santa Rosa man who refused to call 911 gets lengthy prison sentence in overdose deaths,https://www.cbsnews.com/sanfrancisco/news/santa-rosa-man-who-refused-to-call-911-gets-lengthy-prison-sentence-in-overdose-deaths/,333,False,0.92,0,1660917057.0
45,Federal judge allows North Carolina s 20-week abortion ban to be reinstated,https://www.cnn.com/2022/08/17/politics/north-carolina-20-week-abortion-ban/index.html,237,False,0.88,0,1660913966.0
46,World s smallest and most endangered sea turtle found nesting on Louisiana islands for first time in 75 years,https://www.cbsnews.com/news/kemps-ridley-sea-turtle-endangered-nesting-louisiana-again/,23078,False,0.98,5,1660914860.0
47,Judge limits privilege defense in AZ Mormon sex abuse case,https://apnews.com/article/mormon-lawsuit-arizona-sex-abuse-25231a4c668e2e69ae45df484096f7b7,1741,False,0.96,0,1660914633.0
48,NASA astronaut Nicole Aunapu Mann will be the first Native American woman to travel to space,https://www.cbsnews.com/news/nicole-aunapu-mann-nasa-astronaut-first-native-american-woman-in-space/,4750,False,0.93,5,1660910113.0
49,Russia warns radioactive waste could hit Germany if accident occurs at damaged nuclear power plant,https://www.cnbc.com/2022/08/18/russia-warns-nuclear-plants-radioactive-material-could-cover-europe.html,3576,False,0.95,0,1660906536.0
50,"No Tube: London subway hit by strike, day after rail walkout",https://www.click2houston.com/business/2022/08/19/no-tube-london-subway-hit-by-strike-day-after-rail-walkout/,768,False,0.95,0,1660904744.0
51,"Apple warns of security flaw for iPhones, iPads and Macs that allows hackers to access devices",https://www.cbsnews.com/news/apple-iphone-ipad-mac-security-flaw-vulnerability-hackers/,243,False,0.93,0,1660892532.0
52,UK retail gets boost from online shopping in July,https://www.reuters.com/business/uk-retail-sales-rise-unexpectedly-july-2022-08-19/,55,False,0.77,0,1660890105.0
53,Glaciers in Europe are experiencing the most severe melting on record,https://www.washingtonpost.com/climate-environment/2022/08/18/glaciers-alps-europe/,736,False,0.93,0,1660886891.0
54,9th child in US tests positive for monkeypox - An additional pediatric monkeypox case has been confirmed in Oregon.,https://abcnews.go.com/Health/7th-child-us-tests-positive-monkeypox/story?id=88417787,677,False,0.92,0,1660881076.0
55,Health officials suspect a Nebraska child died from the brain-eating amoeba Naegleria fowleri after swimming,https://www.cnn.com/2022/08/18/us/nebraska-brain-eating-amoeba-death/index.html,1404,False,0.97,0,1660880517.0
56,Mom dies after she was struck by lightning in Florida,https://www.cbsnews.com/news/lightning-strike-florida-mom-killed-winter-springs,383,False,0.89,0,1660876755.0
57, Fire ball  meteor lights up Tokyo skies,https://www3.nhk.or.jp/nhkworld/common/player/tv/clip/?lang=en&ver=19&id=p-news__videoPlayer&key=%2Fnhkworld%2Fdata%2Fen%2Fnews%2Fmovie%2F20220819_03.xml,153,False,0.91,0,1660875731.0
58,"Planned surf and water park with hotel, retail gains momentum in Arizona city",https://www.abc15.com/news/business/planned-surf-and-water-park-with-hotel-retail-gains-momentum-in-arizona-city,2330,False,0.91,0,1660874594.0
59,U.N. expert concludes  forced labour  has taken place in Xinjiang,https://www.reuters.com/world/china/un-expert-concludes-forced-labour-has-taken-place-xinjiang-2022-08-18/?utm_source=reddit.com,816,False,0.92,0,1660871784.0
60,"Myanmar to import Russian oil amid supply concerns, military says | Energy",https://www.aljazeera.com/economy/2022/8/18/myanmar-to-import-russian-oil-amid-supply-concerns-military-says,66,False,0.83,0,1660871697.0
61,Drone captures moment alligator attacks swimmer in Florida lake,https://www.fox35orlando.com/video/1106659,134,False,0.89,0,1660866245.0
62,US offers extra monkeypox vaccine doses for gay pride events,https://abcnews.go.com/Health/wireStory/us-offers-extra-monkeypox-vaccine-doses-gay-pride-88549876,435,False,0.89,1,1660865862.0
63,Over $36M in La. tax refunds unclaimed,https://www.wafb.com/2022/08/18/millions-state-tax-refunds-unclaimed/,151,False,0.92,0,1660865724.0
64,Class-action lawsuit alleges sexual misconduct by prominent Quebec cardinal and priest,https://www.cnn.com/2022/08/18/world/quebec-cardinal-priest-sexual-misconduct-lawsuit/index.html?utm_term=link&utm_medium=social&utm_content=2022-08-18T23%3A01%3A06&utm_source=twCNN,271,False,0.92,0,1660864539.0
65,Florida Gov. Ron DeSantis  election police force announces arrests of 20 for voter fraud,https://www.cbsnews.com/news/florida-gov-ron-desantis-election-police-force-arrests-voter-fraud/,44214,False,0.83,10,1660864148.0
66,Northern California Kaiser Permanente Therapists continue open ended strike.,https://www.kqed.org/news/11922748/kaiser-mental-health-workers-strike-for-third-day-in-fight-for-increased-staffing-and-wages,297,False,0.95,0,1660863796.0
67,Mississippi cops sued over alleged civil rights violations against Black residents,https://abcnews.go.com/US/mississippi-cops-sued-alleged-civil-rights-violations-black/story?id=88492682,1049,False,0.93,0,1660862344.0
68,Justice Department: 3 Men Charged In Whitey Bulger’s Killing,https://apnews.com/article/11072fae9deaad36a929080798802804,437,False,0.94,0,1660859604.0
69,"Partial human foot, still in its shoe, found floating in Yellowstone National Park hot spring",https://www.nbcdfw.com/news/national-international/part-of-a-foot-in-a-shoe-spotted-in-yellowstone-hot-spring/3051900/,13189,False,0.97,2,1660856515.0
70,Former LAPD officer to stand trial in fatal off-duty shooting at Corona Costco store,https://abc7.com/costco-shooting-corona-lapd-officer-salvador-alejandro-sanchez/12131419/,1050,False,0.95,1,1660855489.0
71,Florida Christian school will only refer to students by biological gender,https://www.nbcnews.com/news/us-news/florida-school-will-only-refer-students-biological-gender-rcna43545,4116,False,0.9,1,1660853780.0
72,Home sales fell nearly 6% in July as housing market slides into a recession,https://www.cnbc.com/2022/08/18/home-sales-fell-nearly-6percent-in-july-as-housing-market-slides-into-a-recession.html,1392,False,0.93,0,1660852979.0
73,"Suicide missions, abuse, physical threats: International Legion fighters speak out against leadership’s misconduct",https://kyivindependent.com/investigations/suicide-missions-abuse-physical-threats-international-legion-fighters-speak-out-against-leaderships-misconduct,151,False,0.85,0,1660852146.0
74,Suspect in Salman Rushdie’s stabbing pleads not guilty to attempted murder and assault,https://www.cnn.com/2022/08/18/us/salman-rushdie-stabbing-suspect-indicted/index.html,243,False,0.91,0,1660851394.0
75,Judge orders Starbucks to reinstate seven fired baristas,https://www.washingtonpost.com/business/2022/08/18/starbucks-fired-baristas-reinstated-memphis/,4172,False,0.97,0,1660851198.0
76,Judge rules DOJ must redact Trump affidavit in preparation for potential release,https://www.npr.org/2022/08/18/1118240659/justice-department-must-provide-redacted-mar-a-lago-affidavit-judge-says,5709,False,0.96,0,1660849950.0
77,"""Goodbye Horses"" Singer Q Lazzarus Dead At 59",https://www.stereogum.com/2196708/goodbye-horses-singer-q-lazzarus-has-reportedly-died/news/,702,False,0.93,0,1660849126.0
78,"One of the world s largest moths detected for the first time in U.S., officials say",https://www.nbcnews.com/news/us-news/worlds-largest-moth-detected-first-time-us-officials-say-rcna43690,548,False,0.96,1,1660848469.0
79,Simple mix of soap and solvent could help destroy ‘forever chemicals’,https://www.science.org/content/article/simple-mix-soap-and-solvent-could-help-destroy-forever-chemicals,184,False,0.83,0,1660847412.0
80,Woman describes frequent sex with R Kelly before she was 18,https://apnews.com/article/r-kelly-entertainment-child-pornography-obstruction-of-justice-49f1ab43cc4da90b8694f4e19966eb97,572,False,0.92,0,1660847246.0
81,NJ camp counselor charged in sex assault of kids,https://www.wfmz.com/news/area/western-newjersey/nj-camp-counselor-charged-in-sex-assault-of-kids/article_d0895e62-1f18-11ed-ad13-9f3a257370db.html,175,False,0.91,0,1660845532.0
82,"Monkeypox case reported in man whose  primary risk factor  was close, nonsexual contact at a crowded outdoor event | CNN",https://www.cnn.com/2022/08/17/health/monkeypox-case-nonsexual-transmission/index.html,2698,False,0.9,2,1660845391.0
83,Bed Bath & Bonkers: Retailer s stock plunges following wild surge,https://www.cnn.com/2022/08/18/investing/bed-bath-beyond-ryan-cohen-meme-stock/index.html,339,False,0.85,0,1660839366.0
84,Legal first as trio convicted of murder after their associate  Billy the Kid  killed in shootout,https://news.sky.com/story/legal-first-as-trio-convicted-of-murder-after-their-associate-billy-the-kid-killed-in-shootout-12673821,84,False,0.85,0,1660838331.0
85,"After their daughters were beat by a girl in sports, Utah parents triggered investigation into whether she was transgender",https://www.deseret.com/utah/2022/8/17/23310668/school-investigates-female-athlete-transgender-complaint,13509,False,0.92,2,1660837632.0
86,Trump CFO Allen Weisselberg pleads guilty in tax scheme,https://www.axios.com/2022/08/18/allen-weisselberg-pleads-guilty-tax-fraud?utm_campaign=editorial&utm_source=twitter&utm_medium=social,51117,False,0.92,24,1660834507.0
87,Bodies of two young children found in suitcases won by New Zealand family at storage unit auction,https://www.itv.com/news/2022-08-18/bodies-of-two-children-found-in-suitcases-won-by-family-at-storage-unit-auction,1984,False,0.97,0,1660837496.0
88,8-year-old girl chats with ISS astronaut using ham radio,https://www.cnn.com/2022/08/17/uk/girl-iss-amateur-radio-scn-scli-intl-gbr/index.html,2910,False,0.94,1,1660835665.0
89,"Dan Price, CEO who cut his pay so workers earned $70,000, quits amid legal woes",https://www.cbsnews.com/news/ceo-who-cut-his-pay-so-workers-earned-70k-dan-price-gravity-payments-resigns-seattle/,6930,False,0.95,2,1660834373.0
90,"Turkey shocks markets with rate cut despite inflation near 80%, lira tumbles",https://www.cnbc.com/2022/08/18/turkey-surprises-markets-with-rate-cut-despite-inflation-near-80percent-.html,178,False,0.95,0,1660823538.0
91,Man deported from Malta for abusing horse faces murder charges in Italy,https://timesofmalta.com/articles/view/man-deported-malta-abusing-horse-faces-murder-charges-italy.973823,1126,False,0.97,0,1660832292.0
92,"Airstrike kills 13 al-Shabab militants in Somalia, US Africa Command says",https://www.stripes.com/theaters/africa/2022-08-17/africom-somalia-air-strike-7015903.html,134,False,0.91,0,1660831038.0
93,Sanna Marin: Finland PM partying video causes backlash,https://www.bbc.co.uk/news/world-europe-62588480,87,False,0.76,0,1660828914.0
94,Solomon Islands takes out $100 million loan from China to build Huawei mobile phone towers,https://www.abc.net.au/news/2022-08-18/huwaei-solomon-islands-mobile-towers-loan-china-beijing-kpmg/101346144,411,False,0.89,0,1660828590.0
95,Black man left paralyzed after Texas police allegedly slam him on to concrete | Texas,https://www.theguardian.com/us-news/2022/aug/18/texas-police-christopher-shaw-civil-rights,52046,False,0.84,7,1660825541.0
96,FEMA declares new strategy to engage Native American tribes,https://www.click2houston.com/news/national/2022/08/18/fema-declares-new-strategy-to-engage-native-american-tribes/,285,False,0.9,0,1660821126.0
97,Man who kidnapped a bus full of children in 1976 officially granted parole,https://www.cnn.com/2022/08/17/us/frederick-woods-chowchilla-kidnapping-parole/index.html,1160,False,0.94,0,1660820667.0
98,"Crimea attacks point to Ukraine’s newest strategy, official says",https://www.washingtonpost.com/world/2022/08/17/ukraine-defense-minister-special-forces-new-strategy/,245,False,0.92,0,1660819271.0
99,Black parent sues L.A. school district for allegedly growing cotton and asking students to pick it,https://www.nbcnews.com/news/nbcblk/black-parent-accuses-l-elementary-school-traumatizing-daughter-cotton-rcna43517,2922,False,0.88,0,1660818787.0
100,5th set of human remains found in receding Lake Mead,https://abcnews.go.com/US/5th-set-human-remains-found-receding-lake-mead/story?id=88512428,3297,False,0.98,0,1660807641.0
101,Afghanistan: Deadly blast rips through crowded Kabul mosque,https://www.bbc.com/news/world-asia-62581102,134,False,0.87,0,1660806552.0
102,Japan urges its young people to drink more to boost economy,https://www.bbc.co.uk/news/world-asia-62585809,290,False,0.92,0,1660805782.0
103,"Jordan’s Crown Prince Al Hussein engaged to Saudi national Rajwa al-Saif, the future Queen of Jordan",https://english.alarabiya.net/News/middle-east/2022/08/17/Jordan-s-Crown-Prince-al-Hussein-engaged-to-Saudi-national-Rajwa-al-Saif,288,False,0.85,1,1660792970.0
104,Haruyuki Takahashi: Tokyo 2020 Olympic official accused of taking bribes,https://www.bbc.com/news/world-asia-62579153,265,False,0.95,0,1660791845.0
105,Scientists discover a 5-mile wide undersea crater created as the dinosaurs disappeared,https://edition.cnn.com/2022/08/17/africa/asteroid-crater-west-africa-scn/index.html,1246,False,0.96,0,1660787977.0
106,"Sex between men, not skin contact, is fueling monkeypox, new research suggests",https://www.nbcnews.com/news/rcna43484,2172,False,0.7,2,1660786262.0
107,California police responded to a 911 call. This baby monkey was to blame | CBC Radio,https://www.cbc.ca/radio/asithappens/as-it-happens-wednesday-edition-1.6553693/california-police-responded-to-a-911-call-this-baby-monkey-was-to-blame-1.6554112,141,False,0.89,0,1660786111.0
108,Texas executes man for killing McKinney real estate agent,https://www.fox4news.com/news/texas-to-execute-man-for-slaying-of-dallas-real-estate-agent,559,False,0.92,0,1660786064.0
109,American farmers are killing their own crops and selling cows because of extreme drought,https://www.cnn.com/2022/08/17/business/west-drought-farmers-survey-climate/index.html,2278,False,0.96,1,1660784970.0
110,Louisiana hospital denies abortion for fetus without a skull,https://www.nola.com/news/healthcare_hospitals/article_d08b59fe-1e39-11ed-a669-a3570eeed885.html,90586,False,0.86,30,1660784386.0
111,Japan tax office launches campaign to help encourage drinking,https://www.theguardian.com/world/2022/aug/17/japan-government-launches-competition-to-get-people-drinking-alcohol-drinks-tax-revenue,165,False,0.91,0,1660783256.0
112,"A senior Russian official has met the commander of the Palestinian Authority (PA) security forces to discuss military and intelligence cooperation, Moscow’s defence ministry said.",https://www.aljazeera.com/news/2022/8/17/palestinian-general-discusses-military-co-operation-in-moscow,318,False,0.93,0,1660781087.0
113,Feds call for water cutbacks ‘to avoid a catastrophic collapse’ of Colorado River,https://www.cnbc.com/2022/08/17/feds-call-for-water-cutbacks-as-colorado-river-is-in-23-year-drought.html?__source=sharebar%7Ctwitter&par=sharebar,10801,False,0.98,8,1660778048.0
114,Sewage hits dozens of beaches in England and Wales after heavy rain,https://www.bbc.co.uk/news/science-environment-62574105,423,False,0.94,0,1660767995.0
115,"Man, 77, visiting Milwaukee with his wife falls to his death after drawbridge opens",https://www.nbcnews.com/news/us-news/man-77-visiting-milwaukee-wife-falls-death-drawbridge-opens-rcna43490,986,False,0.95,0,1660766288.0
116,"Missouri pastor says congregation is  poor, broke, busted  for not buying him a luxury Movado watch",https://www.nbcnews.com/news/us-news/missouri-pastor-says-congregation-poor-broke-busted-not-buying-luxury-rcna43557,38364,False,0.92,3,1660765260.0
117,RAF diversity: Senior female recruitment officer resigns over targets,https://www.bbc.co.uk/news/uk-62582156,125,False,0.83,0,1660764186.0
118,Denver DA opens grand jury investigation into LoDo police shooting that injured 6 bystanders,https://www.thedenverchannel.com/news/local-news/denver-da-opens-grand-jury-investigation-into-lodo-police-shooting-that-injured-6-bystanders,1023,False,0.96,0,1660762154.0
119,Spacewalk cut short by issue with Russian cosmonaut s spacesuit,https://www.cnn.com/2022/08/17/tech/russian-spacewalk-spacesuit-issue-scn/index.html,177,False,0.93,0,1660760649.0
120,"Explosion hits Kabul mosque, police say",https://www.cnn.com/2022/08/17/middleeast/kabul-mosque-explosion-afghanistan-intl/index.html,131,False,0.91,0,1660760127.0
121,Officer takes loaded handgun from student while breaking up fight at California high school,https://www.cbsnews.com/news/stockton-loaded-handgun-officer-student-high-school-fight/,5459,False,0.96,1,1660759283.0
122,"‘Doc’ Antle waives right to speedy trial, files continuance for August pretrial",https://www.wmbfnews.com/2022/08/17/doc-antle-waives-right-speedy-trial-files-continuance-august-pretrial/,250,False,0.93,0,1660758689.0
123,Fed minutes may point to rationale for size of future rate hikes,https://www.reuters.com/markets/us/fed-minutes-may-hint-rationale-size-coming-rate-hikes-2022-08-17/,128,False,0.88,0,1660757801.0
124,Thailand’s Restive South Hit by Wave of Arson and Bombings,https://thediplomat.com/2022/08/thailands-restive-south-hit-by-wave-of-arson-and-bombings/,97,False,0.9,0,1660750252.0
125,Taiwan showcases most advanced fighter jet after China drills,https://www.aljazeera.com/news/2022/8/17/taiwan-shows-off-most-advanced-fighter-jet-after-china-drills,236,False,0.9,0,1660749554.0
126,Kids-for-cash judges ordered to pay more than $200M,https://apnews.com/article/crime-trending-news-government-and-politics-6f30f575dc739415af1e5b47b1be50f0,20112,False,0.97,2,1660747326.0
127,"NTSB: Co-pilot was ""visibly upset"" before he exited plane in mid-air",https://www.cbsnews.com/news/ntsb-preliminary-report-charles-hew-crooks-exit-plane-mid-air-north-carolina/?intcid=CNM-00-10abd1h,1685,False,0.97,0,1660746890.0
128,"Sole producer of approved monkeypox shot ""no longer certain"" it can meet demand",https://www.axios.com/2022/08/17/bavarian-nordic?oid=112495433112,532,False,0.93,0,1660745407.0
129,Target profit plunges 90% as inflation-weary shoppers pull back,https://www.cnn.com/2022/08/17/investing/target-earnings/index.html,51456,False,0.91,9,1660744955.0
130,Little League World Series player in critical condition after falling from a bunk bed,https://www.cnn.com/2022/08/16/us/little-league-world-series-player-injured-bunk-bed/index.html,1046,False,0.89,0,1660743936.0
131,"Feds bust alleged Mafia gambling operations posing as shoe repair, coffee shop",https://abcnews.go.com/US/feds-bust-alleged-mafia-gambling-operations-posing-shoe/story?id=88452362,2038,False,0.97,0,1660743534.0
132,UK inflation hits new 40-year high of 10.1% as food and energy price surge continues,https://www.cnbc.com/2022/08/17/uk-cpi-inflation-july-2022.html,543,False,0.94,0,1660732437.0
133,Israel and Germany condemn Palestinian leader s  50 Holocausts  claim,https://www.bbc.co.uk/news/world-middle-east-62574095,624,False,0.84,0,1660733510.0
134,"Rep. Liz Cheney loses GOP primary to Trump-backed challenger, NBC projects",https://www.cnbc.com/2022/08/16/rep-liz-cheney-loses-gop-primary-to-trump-backed-challenger-nbc-projects.html,2964,False,0.95,4,1660703867.0
135,Trump legal adviser Jenna Ellis ordered to testify in Georgia election probe,https://www.nbcnews.com/politics/donald-trump/trump-legal-adviser-jenna-ellis-ordered-testify-georgia-election-probe-rcna43441,10200,False,0.96,0,1660708588.0
136,Spain wildfires: up to 20 injured after passengers break out of train engulfed by flames | Spain,https://www.theguardian.com/world/2022/aug/17/spain-wildfires-injured-after-passengers-break-out-of-train-engulfed-by-flames,235,False,0.93,0,1660707881.0
137,Western states hit with more cuts to Colorado River water,https://apnews.com/article/mexico-arizona-lakes-colorado-river-cc37e49759fabe8236a081286dfc61ee,364,False,0.94,0,1660702224.0
138,Taiwan accuses China of exaggeration with islands footage,https://www.reuters.com/world/asia-pacific/taiwan-says-china-air-force-video-islands-is-information-warfare-2022-08-16/,201,False,0.9,0,1660701039.0
139,Apple s $30 mln settlement over employee bag checks gets court approval,https://www.reuters.com/legal/apples-30-mln-settlement-over-employee-bag-checks-gets-court-approval-2022-08-15/,373,False,0.94,0,1660700969.0
140,Myanmar military lays waste to Depayin commercial hub,https://myanmar-now.org/en/news/myanmar-military-lays-waste-to-depayin-commercial-hub,113,False,0.88,0,1660698983.0
141,Myanmar begins trial of detained Japanese filmmaker - The Mainichi,https://mainichi.jp/english/articles/20220816/p2g/00m/0in/047000c,124,False,0.89,0,1660698882.0
142,Boston Children’s Hospital warns employees over far-right online harassment campaign,https://www.nbcnews.com/tech/internet/boston-childrens-hospital-warns-employees-far-right-online-harassment-rcna43376,3391,False,0.93,0,1660697204.0
143,"Woman, 80, banned from Port Townsend YMCA pool after clash over trans woman in locker room",https://komonews.com/news/local/80-year-old-banned-from-pool-following-exchange-with-transgender-woman,6063,False,0.89,2,1660695029.0
144,"Biden administration cancels $3.9 billion in student debt for 208,000 borrowers defrauded by ITT Tech",https://www.cnbc.com/2022/08/16/education-dept-cancels-3point9-billion-in-student-loans-for-itt-tech.html,46816,False,0.9,5,1660691850.0
145,‘You’re in Canada now’: B.C. man berates women for not speaking English - BC | Globalnews.ca,https://globalnews.ca/news/9061667/racist-video-rant-richmond-bc/,2551,False,0.91,1,1660688197.0
146,Feds fine Mississippi Wingstop stores run by family of rapper Rick Ross,https://www.wlox.com/2022/08/16/feds-fine-mississippi-wingstop-stores-run-by-family-rapper-rick-ross/,642,False,0.93,0,1660687473.0
147,Iran to start accepting Russian Mir payment cards soon - official,https://www.reuters.com/business/finance/iran-start-accepting-russian-mir-payment-cards-soon-official-2022-07-27/,102,False,0.87,0,1660686241.0
148,Former US Rep. TJ Cox indicted on federal money laundering and wire fraud charges,https://www.cnn.com/2022/08/16/politics/tj-cox-indicted-federal-money-laundering/index.html,3673,False,0.97,0,1660684789.0
149,Reports: Turkish airstrike in north Syria kills at least 11,https://abcnews.go.com/International/wireStory/reports-turkish-airstrike-north-syria-kills-11-88444832,150,False,0.9,0,1660685258.0
150,Elderly man on mobility scooter stabbed to death in west London,https://www.itv.com/news/london/2022-08-16/elderly-man-on-mobility-scooter-stabbed-to-death-in-west-london,408,False,0.93,0,1660680749.0
151,Arizona to lose 21% of its Colorado River water in 2023,https://www.abc15.com/weather/impact-earth/arizona-to-lose-21-of-its-colorado-river-water-in-2023,12900,False,0.97,3,1660678316.0
152,Florida court says teen is not  mature  enough to have an abortion,https://www.nbcnews.com/news/us-news/florida-court-says-teen-not-mature-enough-abortion-rcna43344,62089,False,0.88,8,1660676461.0
153,Woman killed in apparent alligator attack in South Carolina,https://www.cbsnews.com/news/alligator-attack-woman-killed-in-south-carolina/,390,False,0.93,0,1660670230.0
154,"Stolen Picasso painting found in Diyala, says the Iraqi Ministry of Interior",https://ina.iq/eng/21290-stolen-picasso-painting-found-in-diyala-says-the-iraqi-ministry-of-interior.html,273,False,0.93,2,1660666724.0
155,US Air Force tests nuclear-capable long-range missile,https://www.cnn.com/2022/08/16/politics/us-air-force-nuclear-capable-missile/index.html,255,False,0.9,0,1660661055.0
156,Finland limits tourist visas for Russians,https://www.aljazeera.com/news/2022/8/16/finland-to-cut-visas-issued-to-russians-to-10-of-current-amount,469,False,0.94,0,1660664092.0
157,"School district will lay off white teachers before minority teachers, per new union contract",https://abcnews4.com/news/nation-world/school-district-agrees-to-layoff-white-teachers-before-minority-teachers-minneapolis-minnesota-people-color-federation-education-mft-strike-underrepresentated,21401,False,0.74,11,1660663479.0
158,Dozens of priests accused of sexual assault in new class action against Quebec diocese,https://www.cbc.ca/news/canada/montreal/lawsuit-against-quebec-diocese-sexual-assault-1.6552456,1854,False,0.97,0,1660662413.0
159,"Jill Biden tests positive for COVID-19, has  mild  symptoms",https://apnews.com/article/jill-biden-tests-positive-covid-3cd86d0f2b5d807c32604cfe669f5904,999,False,0.91,0,1660660964.0
160,"FBI rescues more than 200 trafficking victims, including 84 children, in ""Operation Cross Country""",https://www.cbsnews.com/news/fbi-sex-trafficking-operation-cross-country/,73215,False,0.93,37,1660659632.0
161,American Airlines to buy supersonic jets as it bets on ultra-fast travel,https://www.reuters.com/business/aerospace-defense/american-airlines-buy-up-20-boom-supersonic-jets-2022-08-16/,1633,False,0.96,0,1660658941.0
162,U.S. carries out ICBM test delayed during Chinese show-of-force over Taiwan,https://www.reuters.com/business/aerospace-defense/us-carries-out-icbm-test-delayed-during-chinese-show-of-force-over-taiwan-2022-08-16/,473,False,0.95,0,1660651692.0
163,3 Romana Didulo followers charged after attempting to ‘arrest’ Peterborough police - Peterborough,https://globalnews.ca/news/9060426/romana-didulo-peterborough,945,False,0.95,0,1660651643.0
164,Steep water cuts are coming for the Southwest as Colorado River shrinks,https://www.cnn.com/2022/08/16/us/colorado-river-water-cuts-lake-mead-negotiations-climate/index.html,924,False,0.97,0,1660648599.0
165,2 separate fires cause power outage across Brisbane,https://www.cbsnews.com/sanfrancisco/news/2-separate-fires-cause-power-outage-across-brisbane/,153,False,0.91,0,1660644135.0
166,Man accused of groping 10-year-old girl while dropping his pants at Pembroke Pines mall; victim’s mother angry at suspect’s $8K bond,https://wsvn.com/news/local/broward/man-accused-of-groping-10-year-old-girl-while-dropping-his-pants-at-pembroke-pines-mall-victims-mother-angry-at-suspects-8k-bond/,7420,False,0.97,2,1660642654.0
167,Salman Rushdie’s ‘The Satanic Verses’ leaps to top of Amazon bestseller lists,https://www.cnbc.com/2022/08/16/salman-rushdies-books-top-amazons-bestseller-lists-after-stabbing.html,34739,False,0.91,5,1660635787.0
168,State of Emergency declared over Great Lakes Water Authority water main break,https://www.fox2detroit.com/news/state-of-emergency-declared-over-great-lakes-water-authority-water-main-break,833,False,0.96,0,1660626095.0
169,How Ashley Alum s arrest helped NT police catch some of the state s worst child sexual offenders - ABC News,https://www.abc.net.au/news/2022-08-16/ashley-alum-sentenced-over-child-sexual-offences-in-nt-/101329826,191,False,0.92,0,1660626027.0
170,Philippines eyes US helicopters after scrapping Russian deal,https://abcnews.go.com/International/wireStory/philippines-eyes-us-helicopters-scrapping-russian-deal-88389293,1501,False,0.97,0,1660620918.0
171,Rapper A$AP Rocky charged with assaulting former friend with a firearm,https://www.cbsnews.com/news/asap-rocky-charged-with-assaulting-former-friend-with-a-firearm/?ftag=CNM-00-10aab7e&linkId=177339258,2339,False,0.93,0,1660613489.0
172,Kenya’s Ruto declared president-elect in chaotic scenes,https://www.reuters.com/world/africa/ruto-leads-kenya-vote-media-tally-shows-announcement-seen-imminent-2022-08-15/,88,False,0.86,0,1660608356.0
173,Newly-launched U.S. drugs head toward record-high prices in 2022,https://www.reuters.com/business/healthcare-pharmaceuticals/newly-launched-us-drugs-head-toward-record-high-prices-2022-2022-08-15/,343,False,0.94,0,1660608094.0
174,Man fined and gets suspended sentence over ‘hateful and racist’ post after Euros final,https://www.theguardian.com/football/2022/aug/15/man-fined-and-gets-suspended-sentence-over-hateful-and-racist-post-after-euros-final,593,False,0.89,0,1660604126.0
175,Iran denies involvement but justifies Salman Rushdie attack,https://apnews.com/article/salman-rushdie-middle-east-iran-tehran-70f0ea8cc69bc2bf226cd3ac400f9db8,946,False,0.93,0,1660603180.0
176,Oder river: mystery of mass die-off of fish lingers as no toxic substances found,https://www.theguardian.com/environment/2022/aug/15/oder-river-mystery-of-mass-die-off-of-fish-lingers-as-toxic-substances-ruled-out,423,False,0.95,0,1660598803.0
177,Russia unveils model of proposed space station after leaving ISS,https://www.theguardian.com/world/2022/aug/15/russia-unveils-model-space-station-iss-roscosmos-agency,206,False,0.83,0,1660597775.0
178,Thousands of Capri Sun pouches recalled after possible contamination with cleaning solution,https://www.nbcnews.com/news/us-news/thousands-capri-sun-pouches-recalled-possible-contamination-cleaning-s-rcna43173,1385,False,0.97,0,1660597585.0
179,Homebuilders say U.S. is in a  housing recession  as sentiment turns negative,https://www.cnbc.com/2022/08/15/us-is-in-housing-recession-homebuilders-say.html,11116,False,0.95,0,1660596640.0
180,Doctor who sexually abused patients kills himself in jail,https://apnews.com/article/covid-health-new-york-city-96be39a7c5032657ede1e0ac048c6454,9033,False,0.97,7,1660594699.0
181,"American Airlines cuts 31,000 flights from its November schedule",https://www.cnn.com/travel/article/american-airlines-flights-cut-november/index.html,713,False,0.97,0,1660594433.0
182,Starbucks asks labor board to halt union votes temporarily,https://apnews.com/article/elections-national-labor-relations-board-0ddf8d632e1daca24d5bb70f2344f806,2683,False,0.95,0,1660592283.0
183,Mercer County man charged with threats to kill FBI agents after Mar-a-Lago search,https://www.post-gazette.com/news/crime-courts/2022/08/15/threat-to-fbi-adam-bies-mercer-county-pa-trump-mar-a-lago-search-gab-threats/stories/202208150059,63395,False,0.9,7,1660589973.0
184,"Trump-allied lawyers pursued voting machine data in multiple states, records reveal",https://www.washingtonpost.com/investigations/2022/08/15/sidney-powell-coffee-county-sullivan-strickler/,4368,False,0.96,0,1660587341.0
185,Researchers change blood type of kidney in transplant breakthrough | Organ donation,https://www.theguardian.com/society/2022/aug/15/researchers-change-blood-type-of-kidney-in-transplant-breakthrough,1009,False,0.97,0,1660588166.0
186,Rudy Giuliani informed he is now  target  in Georgia 2020 election probe,https://abc7chicago.com/rudy-giuliani-georgia-2020-election-donald-trump/12127735/,21413,False,0.95,5,1660586592.0
187,US basketball player Brittney Griner appeals Russian conviction,https://www.aljazeera.com/news/2022/8/15/us-basketball-star-brittney-griner-appeals-russian-conviction,1109,False,0.87,0,1660585143.0
188,"Sarasota Schools freezes library book donations, purchases, book fairs",https://www.heraldtribune.com/story/news/education/2022/08/12/sarasota-schools-library-book-purchases-donations-frozen/10307632002/,3529,False,0.96,0,1660583099.0
189,Arrests made in second beating of Broward LGBTQ teen,https://www.local10.com/news/local/2022/08/10/arrests-made-in-second-beating-of-broward-lgbtq-teen/,2191,False,0.95,0,1660582857.0
190,"More than 13,000 pounds of frozen pizza, perhaps tainted with metal, recalled",https://www.nbcnews.com/news/us-news/13000-pounds-frozen-pizza-perhaps-tainted-metal-recalled-rcna43110,700,False,0.94,0,1660577337.0
191,"Driver crashes SUV into North Carolina restaurant, killing 2 brothers",https://www.cbsnews.com/news/christopher-ruffin-clay-ruffin-killed-suv-crash-restaurant-north-carolina/,547,False,0.95,0,1660577169.0
192,ByHeart CEO on launching new baby formula in a supply crisis,https://apnews.com/article/baby-formula-shortage-byheart-4dd4ff4ad9d442ee3bb0045a3614472c,94,False,0.79,0,1660575704.0
193,Britain says monkeypox outbreak “shows signs of slowing”,https://apnews.com/article/monkeypox-health-london-e83b0f8691dbfbb28abc435a8b437be0,265,False,0.92,0,1660574828.0
194,Right to free period products becomes law in Scotland,https://www.bbc.co.uk/news/uk-scotland-62534817,3939,False,0.95,0,1660573681.0
195,"Man drove through fundraiser crowd, killed mother because he was  extremely frustrated,  police say",https://www.wfmz.com/news/area/pennsylvania/man-drove-through-fundraiser-crowd-killed-mother-because-he-was-extremely-frustrated-police-say/article_ab5cb4bc-1c76-11ed-bed4-3b0b30bea03e.html#tncms-source=Homepage-Top-Stories,16751,False,0.96,2,1660572403.0
196,Federal judge rejects Sen. Lindsey Graham s bid to quash grand jury subpoena in Georgia case,https://www.usatoday.com/story/news/politics/2022/08/15/lindsey-grahams-subpoena-georgia-grand-jury/10326888002/,57983,False,0.92,12,1660570558.0
197,Russia reopens bond market to  not hostile  investors,https://www.bbc.com/news/business-62544941,240,False,0.86,0,1660563958.0
198,"Ex-employee shut down PD website over pay dispute, city says",https://apnews.com/article/oddities-police-boston-d02d43dc696408341319c31cec3be1f0,1580,False,0.97,0,1660563779.0
199,Wall Street revives Russian bond trading after U.S. go-ahead,https://www.cnbc.com/2022/08/15/wall-street-revives-russian-bond-trading-after-us-go-ahead.html,544,False,0.9,0,1660562318.0
200,Covid vaccine designed to target two variants approved for use in UK | Coronavirus,https://www.theguardian.com/world/2022/aug/15/covid-vaccine-two-variants-approved-use-in-uk-moderna-omicron,351,False,0.9,0,1660560830.0
201,Cash-strapped Britons give up pets as living costs soar,https://www.reuters.com/world/uk/cash-strapped-britons-give-up-pets-living-costs-soar-2022-08-14/,1588,False,0.93,1,1660554767.0
202,Risks of disaster at nuclear plant ‘increasing every day’: Mayor,https://www.aljazeera.com/news/2022/8/14/zaporizhzhia-nuclear-plant-risks-increasing-every-day-mayor,558,False,0.91,0,1660552014.0
203, Lasting cultural change : South Australia appoints autism minister in Australian-first,https://www.sbs.com.au/news/article/lasting-cultural-change-south-australia-appoints-autism-minister-in-australian-first/cd3r4o02r,761,False,0.9,0,1660550325.0
204,Man dies after reports of shooting in Manchester,https://www.theguardian.com/uk-news/2022/aug/15/man-dies-after-reports-of-shooting-in-manchester,159,False,0.88,0,1660545185.0
205,Vladimir Putin and Kim Jong Un exchange letters suggesting the pair form closer ties against  hostile military forces  | World News,https://news.sky.com/story/vladimir-putin-and-kim-jong-un-exchange-letters-suggesting-the-pair-form-closer-ties-against-hostile-military-forces-12673422,4763,False,0.95,1,1660539465.0
206,"More than 2,000 California mental health clinicians set to strike",https://www.cnn.com/2022/08/14/business/kaiser-mental-health-clinicians-strike/index.html,2767,False,0.96,1,1660529227.0
207,Report: Shots fired at Six Flags Great America,https://www.cbs58.com/news/report-shots-fired-at-six-flags-great-america,34175,False,0.9,5,1660529064.0
208,Genesee County judge accused of sexual harassment relieved of in-person docket,https://www.mlive.com/news/flint/2022/08/genesee-county-judge-accused-of-sexual-harassment-relieved-of-in-person-docket.html,417,False,0.95,0,1660524510.0
209,"Walgreens is paying signing bonuses up to $75,000 to pharmacists",https://www.cnn.com/2022/08/11/business/walgreens-pharmacists-signing-bonus/index.html,4935,False,0.95,3,1660520977.0
210,"Three arrested on suspicion of murder after man, 60, dies in Dagenham",https://www.theguardian.com/uk-news/2022/aug/14/three-arrested-on-suspicion-of-after-man-60-dies-in-dagenham,199,False,0.93,0,1660517215.0
211, A hero : Woman dies after going into Brownsburg creek to save granddaughters who went in after puppy,https://www.wrtv.com/news/local-news/hendricks-county/brownsburg/a-hero-police-say-woman-dies-after-going-into-brownsburg-creek-to-save-granddaughters,8258,False,0.96,1,1660515416.0
212,FBI and DHS warn threats to federal law enforcement have spiked in the wake of Mar-a-Lago search,https://www.nbcnews.com/politics/politics-news/fbi-dhs-warn-threats-federal-law-enforcement-spiked-wake-mar-lago-sear-rcna43024,52864,False,0.9,4,1660500003.0
213,Lachlan Murdoch sends legal threat to Crikey over January 6 article,https://www.smh.com.au/business/companies/lachlan-murdoch-sends-legal-threat-to-crikey-over-january-6-article-20220813-p5b9ll.html,1381,False,0.94,0,1660497915.0
214,Meteor boom heard across northern Utah,https://www.accuweather.com/en/videos/meteor-boom-heard-across-northern-utah/VXBho4BG,757,False,0.95,0,1660492977.0
215,Idaho Supreme Court rules that abortion restrictions can take effect amid legal challenges,https://www.cbsnews.com/news/idaho-supreme-court-abortion-restrictions/?ftag=CNM-00-10aab6a&linkId=177024683&fbclid=IwAR2MkC59VvReoYUfqeT2LMOA6U9Qmv47mKj9dQ6quIwoli2IOb0BGWXg_So&fs=e&s=cl#l6ti7cbumkut8zxi4r,4409,False,0.95,2,1660492338.0
216,Walrus Freya who became attraction in Norway s Oslo Fjord put down,https://www.bbc.co.uk/news/world-europe-62539485,2402,False,0.94,1,1660490338.0
217,Some Capitol rioters try to profit from their Jan. 6 crimes,https://apnews.com/article/capitol-siege-crime-social-media-8161eb5c4e8ae53d8a5b821fd650962c,2725,False,0.92,2,1660487279.0
218,Hot nights: US in July sets new record for overnight warmth,https://apnews.com/article/2a295b421e0a21fff74dfe69fa941e11,1119,False,0.96,0,1660487264.0
219,"As fungal infections grow resistant to medication, desperate patients try drug after drug",https://www.nbcnews.com/health/health-news/fungal-infections-developing-drug-resistance-rcna33937,1455,False,0.96,0,1660486767.0
220,Police: Man killed himself after ramming US Capitol barrier,https://apnews.com/article/us-capitol-man-rams-car-into-barricade-kills-himself-5cb76c10dadf0f9c0cae70959e9a6f39,66523,False,0.91,21,1660486371.0
221,CPS employee tells 14-year-old to become a prostitute,https://www.fox7austin.com/news/cps-employee-14-year-old-girl-prostitute.amp,8804,False,0.93,2,1660485797.0
222,Former flight attendant sues Delta Air Lines after it fired her for sharing anti-Trump editorial cartoon on social media,https://www.cnn.com/2022/08/13/us/flight-attendant-delta-lawsuit-trump-cartoon/index.html,6809,False,0.96,1,1660478832.0
223,"Two dead, 17 injured, one in custody after carnage in Berwick, Nescopeck | Times Leader",https://www.timesleader.com/news/1569818/two-dead-12-injured-one-in-custody-after-carnage-in-berwick-nescopeck,432,False,0.94,0,1660481181.0
224,US lawmakers visiting Taiwan 12 days after Pelosi visit.,https://apnews.com/article/taiwan-china-nancy-pelosi-government-and-politics-143aebea0f425aaaaabaa72b40e53bc1?taid=62f8e08dd79b7a00018c8a50&utm_campaign=TrueAnthem&utm_medium=AP&utm_source=Twitter,1127,False,0.95,0,1660477900.0
225,Five Americans among injured in Jerusalem shooting attack,https://www.cnn.com/2022/08/14/middleeast/jerusalem-shooting-attack-intl/index.html,1074,False,0.91,0,1660476053.0
226,Armed trump supporters outside Phoenix FBI building,https://www.cnn.com/videos/politics/2022/08/14/phoenix-fbi-trump-supporters-armed-mar-a-lago-search-vpx.cnn,53043,False,0.87,11,1660457476.0
227,Edinburgh Fringe: Jerry Sadowitz show cancelled by venue bosses,https://www.bbc.co.uk/news/uk-scotland-edinburgh-east-fife-62533592,91,False,0.79,0,1660458841.0
228,Arizona parents arrested trying to get in locked-down school,https://apnews.com/article/education-violence-arrests-arizona-phoenix-6f6558c7978b98f7d32f3a715060d8f0,1069,False,0.95,0,1660451184.0
229,Clemency Denied for South Phoenix Man Serving 16-Year Pot Sentence,https://www.phoenixnewtimes.com/news/board-denies-clemency-for-phoenix-man-serving-16-year-pot-sentence-14190098,7559,False,0.96,5,1660451105.0
230,Long Covid clinic wait times blow out as Australia’s health experts call for national approach,https://www.theguardian.com/australia-news/2022/aug/14/long-covid-clinic-wait-times-blow-out-as-health-experts-call-for-national-approach-to-condition,802,False,0.93,0,1660447024.0
231,Western Wall: Several injured in Jerusalem shooting,https://www.bbc.co.uk/news/world-middle-east-62537665,325,False,0.9,1,1660446776.0
232,US paedophile dies after drinking mystery liquid during guilty verdict,https://www.news.com.au/world/north-america/us-paedophile-dies-after-drinking-mystery-liquid-during-guilty-verdict/news-story/83bd4ae53b16cd078790e84838c58ee8,42991,False,0.92,31,1660437992.0
233,"Agent: Rushdie off ventilator and talking, day after attack",https://apnews.com/article/5ea54212d71b95569ed85df7b0fb5fea,5161,False,0.98,2,1660437421.0
234,A missing dog was finally found -- 500 feet underground in an intricate cave system | CNN,https://www.cnn.com/2022/08/13/us/missouri-lost-dog-cave-rescue-trnd/index.html,3171,False,0.97,3,1660432202.0
235,"Mexican border cities hit by burning vehicles, blockades",https://apnews.com/article/mexico-crime-shootings-caribbean-blockades-bb33cf6c72aa5b676dbf57c35e647cc6,646,False,0.95,0,1660425282.0
236,Climate activists fill golf holes with cement after water ban exemption,https://www.bbc.co.uk/news/world-europe-62532840,7491,False,0.94,6,1660425093.0
237,"In rare move, school librarian fights back in court against conservative activists",https://www.nbcnews.com/news/us-news/rare-move-school-librarian-fights-back-court-conservative-activists-rcna42800,47733,False,0.84,37,1660422159.0
238,"Mississippi will send back fed s rental aid, even as housing needs remain high",https://www.nbcnews.com/news/us-news/mississippi-will-send-back-cash-federal-rental-aid-program-even-renter-rcna42547,11936,False,0.96,3,1660421979.0
239,"Five years on, shooting victims fight for government to admit liability",https://www.washingtonpost.com/nation/2022/08/13/sutherland-springs-victims-lawsuit/,1255,False,0.92,0,1660415718.0
240,Former Deustche Bank co-CEO Anshu Jain dies at 59,https://www.cnbc.com/2022/08/13/former-deutsche-bank-co-ceo-anshu-jain-dies-at-59.html,300,False,0.83,0,1660411661.0
241,"One Dead, 17 Injured After Stage Collapses at Spain s Medusa Festival",https://www.spin.com/2022/08/medusa-festival-stage-collapse-fatal/?utm_source=cftw&utm_medium=002&utm_campaign=news,483,False,0.95,0,1660410999.0
242,Iran s hardline newspapers praise Salman Rushdie s attacker,https://www.reuters.com/world/irans-hardline-newspapers-praise-salman-rushdies-attacker-2022-08-13/,459,False,0.89,0,1660410727.0
243,Beaverton Police Nab $22 Million Catalytic Converter Trafficking Ring,https://www.wweek.com/news/courts/2022/08/11/beaverton-police-nab-22-million-catalytic-converter-trafficking-ring/,11401,False,0.98,2,1660407931.0
244,Taliban break up rare protest by Afghan women in Kabul,https://www.bbc.co.uk/news/world-middle-east-62532839,801,False,0.95,0,1660407519.0
245,Vancouver man accused of sexually assaulting children in Cambodia,https://vancouversun.com/news/crime/vancouver-man-accused-of-sexually-assaulting-children-in-cambodia,1573,False,0.96,0,1660407361.0
246,Another Iranian Athlete Leaves Country For Good,https://www.iranintl.com/en/202208139961,266,False,0.89,0,1660404862.0
247,2 juveniles arrested for killing gas station employee in Prince George s County,https://www.fox5dc.com/news/2-teenagers-arrested-for-killing-gas-station-employee-in-prince-georges-county,1231,False,0.95,0,1660401415.0
248,Sinema took Wall Street money while killing tax on investors,https://apnews.com/article/sinema-took-wall-street-money-while-killing-tax-on-investors-0c07f73ba6db92f87fa33f1aad8dbeac,38238,False,0.92,3,1660400256.0
249,"Listen: Lauren Boebert’s neighbors’ 911 calls describe threats, husband running over mailbox",https://www.denverpost.com/2022/08/12/lauren-boebert-neighborhood-disturbance-calls-911/,71471,False,0.87,14,1660390054.0
250,Lost Banksy piece sprayed in Palestine reappears in Tel Aviv gallery,https://www.theguardian.com/world/2022/aug/12/lost-banksy-piece-sprayed-in-palestine-reappears-tel-aviv-art-gallery-slingshot-rat,1047,False,0.89,0,1660386766.0
251,"U.S. Consulate Warns Citizens to Avoid Tijuana As Fires, Roadblocks Reported Throughout Baja",https://timesofsandiego.com/crime/2022/08/12/u-s-consulate-warns-citizens-to-avoid-tijuana-as-fires-roadblocks-reported-throughout-baja/,1100,False,0.97,0,1660370070.0
252,Activision Blizzard is using ‘Diablo IV’ to argue against unions,https://www.washingtonpost.com/video-games/2022/08/12/diablo-iv-blizzard-albany-union/,1435,False,0.93,0,1660366728.0
253,Elderly woman murdered during home invasion in Woodland Hills: LAPD,https://www.foxla.com/news/elderly-womans-burned-body-found-in-her-woodland-hills-home,870,False,0.91,0,1660362884.0
254,Plea Deal Struck in 2018 Murder of Rapper XXXTentacion in Pompano Beach,https://www.nbcmiami.com/news/local/plea-deal-struck-in-2018-murder-of-rapper-xxxtentacion-in-pompano-beach/2834456/,131,False,0.79,0,1660362263.0
255,Delhi to enforce mask mandate again after spurt in COVID cases,https://www.reuters.com/business/healthcare-pharmaceuticals/delhi-enforce-mask-mandate-again-after-spurt-covid-cases-2022-08-11/,302,False,0.91,1,1660358053.0
256," It was my moment,  says wrestler who won Nunavut s 1st Canada Summer Games gold | CBC Radio",https://www.cbc.ca/radio/asithappens/as-it-happens-the-friday-edition-1.6549874/it-was-my-moment-says-wrestler-who-won-nunavut-s-1st-canada-summer-games-gold-1.6549877,190,False,0.85,0,1660354955.0
257,Tatis Jr. suspended 80 games for banned substance,https://www.mlb.com/news/fernando-tatis-jr-suspended-tests-positive-for-banned-substance,283,False,0.88,1,1660354643.0
258,Author Salman Rushdie will ‘likely’ lose an eye after being stabbed in New York,https://www.news.com.au/world/north-america/author-salman-rushdie-stabbed/news-story/6821ed8e0b9bcf40bba3ad8c3e1eff51,19100,False,0.96,10,1660354358.0
259,"A ‘megaflood’ in California could drop 100 inches of rain, scientists warn",https://www.washingtonpost.com/climate-environment/2022/08/12/megaflood-california-flood-rain-climate/,11751,False,0.95,3,1660347215.0
260,Officer suspended over claim he didn’t stop public rape in New Orleans,https://www.washingtonpost.com/nation/2022/08/12/new-orleans-french-quarter-rape/,4122,False,0.97,1,1660343531.0
261,"Gunman in Montenegro kills 10, then shot dead by passerby",https://apnews.com/article/shootings-montenegro-7762091b6e9d8f6cc004432cd5557faf,601,False,0.94,2,1660343038.0
262,Gunfire erupts at funeral for Baton Rouge shooting victim; one person hurt,https://www.wbrz.com/news/gunfire-erupts-at-funeral-for-baton-rouge-shooting-victim-one-person-hurt,372,False,0.9,0,1660339535.0
263,Fox News airs edited photo of Trump raid judge with Ghislaine Maxwell,https://www.independent.co.uk/news/world/americas/fox-trump-judge-ghislaine-maxwell-b2143920.html,50483,False,0.88,17,1660337035.0
264,"Video of violent Lincoln Co. arrest released over objection from sheriff, DA",https://www.wbtv.com/2022/08/12/video-violent-lincoln-co-arrest-released-over-objection-sheriff-da/?fbclid=IwAR0AVltcOqd3No2bwgKmg13hRwocEfbL_9OrNqDdRF9SZCu1bEsJ8T6KHRU&fs=e&s=cl#l6qxd9anin80r0jxgq,786,False,0.96,0,1660336383.0
265,"Kobe Bryant crash scene photos were shared during awards ceremony cocktail hour, witness testifies",https://www.cnn.com/2022/08/12/us/kobe-bryant-crash-photos-award-ceremony/index.html,1499,False,0.93,1,1660335053.0
266,"Trump under investigation for potential violations of Espionage Act, warrant reveals",https://www.theguardian.com/us-news/2022/aug/12/fbi-agents-trump-search-mar-a-lago-documents?CMP=Share_AndroidApp_Other,106495,False,0.84,309,1660333451.0
267,Florida to bar Medicaid coverage for those seeking gender-affirming care,https://www.washingtonpost.com/nation/2022/08/11/florida-transgender-medicaid/,2295,False,0.93,0,1660331979.0
268,"WSJ: FBI took 11 sets of classified docs from Mar-a-Lago, including some at highest classification level",https://www.cnn.com/2022/08/12/politics/trump-mar-a-lago-investigation/index.html,55051,False,0.91,20,1660328316.0
269,Court rejects Democrat appeal to keep Green Party off ballot,https://apnews.com/article/2022-midterm-elections-north-carolina-congress-government-and-politics-8ab423f2625464444c9db042675211d4,1374,False,0.92,0,1660328148.0
270,"Ex-detective Goodlett to plead guilty in Breonna Taylor case, her lawyer says",https://www.washingtonpost.com/national-security/2022/08/12/breonna-taylor-goodlett-hearing/,2321,False,0.96,1,1660329917.0
271,"Salman Rushdie alive, NY governor says. Assailant in custody",https://www.reuters.com/world/us/author-salman-rushdie-attacked-stage-event-new-york-sky-news-2022-08-12/,3070,False,0.97,0,1660327625.0
272,FBI shooter was prolific contributor to Trump’s Truth Social website,https://www.washingtonpost.com/technology/2022/08/12/shiffer-trump-truth-social-fan/?utm_source=reddit.com,18429,False,0.94,1,1660324488.0
273,New York judge rules criminal case against the Trump Organization and former CFO Allen Weisselberg can proceed,https://www.cbsnews.com/news/new-york-judge-rules-criminal-case-against-the-trump-organization-and-former-cfo-allen-weisselberg-can-proceed/,9221,False,0.97,0,1660325334.0
274,"Actor Anne Heche dies a week after car crash, aged 53",https://www.theguardian.com/film/2022/aug/12/anne-heche-death-actor-dies-week-after-car-crash-aged-53?CMP=Share_iOSApp_Other,7798,False,0.94,3,1660326413.0
275,Uttar Pradesh: India son born out of rape helping mum get justice - BBC News,https://www.bbc.com/news/world-asia-india-62489118,404,False,0.91,1,1660325038.0
276,Germany and Poland search for cause of mass fish die-off in river Oder,https://www.reuters.com/world/europe/mass-fish-die-off-german-polish-river-blamed-unknown-toxic-substance-2022-08-12/,1092,False,0.96,2,1660322445.0
277,"Maker of Oatly, Stumptown expands beverage recall",https://www.cbsnews.com/news/lyons-magnus-beverage-recall-expands-oatly-stumptown-grumpy/,540,False,0.95,1,1660319994.0
278,New report puts spotlight on Myanmar regime’s arms brokers,https://myanmar-now.org/en/news/new-report-puts-spotlight-on-myanmar-regimes-arms-brokers,122,False,0.89,0,1660319811.0
279,Suspected bank robber rescued from tunnel near Vatican,https://www.bbc.com/news/world-europe-62517372,319,False,0.92,0,1660318140.0
280,Salman Rushdie attacked on stage in New York,https://www.bbc.co.uk/news/world-us-canada-62524922,11646,False,0.96,6,1660317406.0
281,"Woman says she was injected with sedative against her will after abortion rights protest at NBA game: ""Shocking and illegal""",https://www.cbsnews.com/news/kareim-mcknight-lawsuit-claims-injected-sedative-after-abortion-rights-protest/,29275,False,0.89,4,1660312793.0
282,"Meta injecting code into websites to track its users, research says | Meta",https://www.theguardian.com/technology/2022/aug/11/meta-injecting-code-into-websites-visited-by-its-users-to-track-them-research-says,5173,False,0.96,0,1660304889.0
283,Drought declared across eight areas of England,https://www.theguardian.com/environment/2022/aug/12/drought-declared-england-hosepipe-ban-water-restrictions?CMP=Share_AndroidApp_Other,1472,False,0.96,0,1660302483.0
284,Union launches court case seeking up to $250m from McDonald’s Australia for alleged unpaid wages,https://www.theguardian.com/australia-news/2022/aug/12/union-launches-court-case-seeking-up-to-250m-from-mcdonalds-australia-for-alleged-unpaid-wages,1115,False,0.95,0,1660291838.0
285,California to become 1st state to offer free school lunches for all students,https://abc7.com/california-free-lunches-school-lunch-food-access/12119010/?ex_cid=TA_KABC_FB&utm_campaign=trueAnthem%3A+New+Content+%28Feed%29&utm_medium=trueAnthem&utm_source=facebook&fbclid=IwAR3VMi71MLZPflnVCHwW5Wak2dyy4fnKQ_cVmZfL9CBecyYmBBAXzT_6hJE&fs=e&s=cl,91432,False,0.93,44,1660285611.0
286, 90s-Leaning Flannel Nation Festival Canceled After Bands Bail Out,https://www.spin.com/2022/08/90s-leaning-flannel-nation-festival-canceled-after-bands-bail-out/,198,False,0.88,0,1660285587.0
287,"Anne Heche “Not Expected To Survive” After Severe Brain Injury, Will Be Taken Off Life Support",https://deadline.com/2022/08/anne-heche-brain-dead-injury-taken-off-life-support-1235090375/,5493,False,0.94,0,1660275715.0
288,"Over 900,000 Brazilians sign letter in defense of democracy",https://peoplesdispatch.org/2022/08/11/over-900000-brazilians-sign-letter-in-defense-of-democracy/,1344,False,0.96,0,1660271675.0
